,Date,Confirmed,Deaths,Cured,Daily_Change_C,Daily_Change_R,Daily_Change_D
0,2020-01-30,1.0,0.0,0.0,0,0,0
1,2020-01-31,1.0,0.0,0.0,0,0,0
2,2020-02-01,2.0,0.0,0.0,1,0,0
3,2020-02-02,3.0,0.0,0.0,1,0,0
4,2020-02-03,3.0,0.0,0.0,0,0,0
5,2020-02-04,3.0,0.0,0.0,0,0,0
6,2020-02-05,3.0,0.0,0.0,0,0,0
7,2020-02-06,3.0,0.0,0.0,0,0,0
8,2020-02-07,3.0,0.0,0.0,0,0,0
9,2020-02-08,3.0,0.0,0.0,0,0,0
10,2020-02-09,3.0,0.0,0.0,0,0,0
11,2020-02-10,3.0,0.0,0.0,0,0,0
12,2020-02-11,3.0,0.0,0.0,0,0,0
13,2020-02-12,3.0,0.0,0.0,0,0,0
14,2020-02-13,3.0,0.0,0.0,0,0,0
15,2020-02-14,3.0,0.0,0.0,0,0,0
16,2020-02-15,3.0,0.0,0.0,0,0,0
17,2020-02-16,3.0,0.0,0.0,0,0,0
18,2020-02-17,3.0,0.0,0.0,0,0,0
19,2020-02-18,3.0,0.0,0.0,0,0,0
20,2020-02-19,3.0,0.0,0.0,0,0,0
21,2020-02-20,3.0,0.0,0.0,0,0,0
22,2020-02-21,3.0,0.0,0.0,0,0,0
23,2020-02-22,3.0,0.0,0.0,0,0,0
24,2020-02-23,3.0,0.0,0.0,0,0,0
25,2020-02-24,3.0,0.0,0.0,0,0,0
26,2020-02-25,3.0,0.0,0.0,0,0,0
27,2020-02-26,3.0,0.0,0.0,0,0,0
28,2020-02-27,3.0,0.0,0.0,0,0,0
29,2020-02-28,3.0,0.0,0.0,0,0,0
30,2020-02-29,3.0,0.0,0.0,0,0,0
31,2020-03-01,3.0,0.0,0.0,0,0,0
32,2020-03-02,5.0,0.0,0.0,2,0,0
33,2020-03-03,6.0,0.0,3.0,1,3,0
34,2020-03-04,28.0,0.0,3.0,22,0,0
35,2020-03-05,30.0,0.0,3.0,2,0,0
36,2020-03-06,31.0,0.0,3.0,1,0,0
37,2020-03-07,34.0,0.0,3.0,3,0,0
38,2020-03-08,39.0,0.0,3.0,5,0,0
39,2020-03-09,46.0,0.0,3.0,7,0,0
40,2020-03-10,58.0,0.0,3.0,12,0,0
41,2020-03-11,60.0,0.0,3.0,2,0,0
42,2020-03-12,74.0,0.0,3.0,14,0,0
43,2020-03-13,81.0,1.0,3.0,7,0,1
44,2020-03-14,84.0,2.0,10.0,3,7,1
45,2020-03-15,110.0,2.0,13.0,26,3,0
46,2020-03-16,114.0,2.0,13.0,4,0,0
47,2020-03-17,137.0,3.0,14.0,23,1,1
48,2020-03-18,151.0,3.0,14.0,14,0,0
49,2020-03-19,173.0,4.0,20.0,22,6,1
50,2020-03-20,223.0,4.0,23.0,50,3,0
51,2020-03-21,283.0,4.0,23.0,60,0,0
52,2020-03-22,360.0,7.0,24.0,77,1,3
53,2020-03-23,433.0,7.0,24.0,73,0,0
54,2020-03-24,519.0,9.0,40.0,86,16,2
55,2020-03-25,606.0,10.0,43.0,87,3,1
56,2020-03-26,694.0,15.0,45.0,88,2,5
57,2020-03-27,724.0,17.0,67.0,30,22,2
58,2020-03-28,909.0,19.0,80.0,185,13,2
59,2020-03-29,1024.0,27.0,96.0,115,16,8
60,2020-03-30,1205.0,31.0,102.0,181,6,4
61,2020-03-31,1359.0,35.0,124.0,154,22,4
62,2020-04-01,1834.0,41.0,144.0,475,20,6
63,2020-04-02,2069.0,53.0,156.0,235,12,12
64,2020-04-03,2470.0,62.0,163.0,401,7,9
65,2020-04-04,3072.0,75.0,213.0,602,50,13
66,2020-04-05,3577.0,83.0,275.0,505,62,8
67,2020-04-06,4281.0,111.0,319.0,704,44,28
68,2020-04-07,4789.0,124.0,353.0,508,34,13
69,2020-04-08,5274.0,149.0,411.0,485,58,25
70,2020-04-09,5865.0,169.0,478.0,591,67,20
71,2020-04-10,6761.0,206.0,516.0,896,38,37
72,2020-04-11,7529.0,242.0,653.0,768,137,36
73,2020-04-12,8447.0,273.0,765.0,918,112,31
74,2020-04-13,9352.0,324.0,980.0,905,215,51
75,2020-04-14,10815.0,353.0,1190.0,1463,210,29
76,2020-04-15,11933.0,392.0,1344.0,1118,154,39
77,2020-04-16,12759.0,420.0,1515.0,826,171,28
78,2020-04-17,13835.0,452.0,1767.0,1076,252,32
79,2020-04-18,14792.0,488.0,2015.0,957,248,36
80,2020-04-19,16116.0,519.0,2302.0,1324,287,31
81,2020-04-20,17656.0,559.0,2842.0,1540,540,40
82,2020-04-21,18985.0,603.0,3260.0,1329,418,44
83,2020-04-22,20471.0,652.0,3960.0,1486,700,49
84,2020-04-23,21700.0,686.0,4325.0,1229,365,34
85,2020-04-24,23452.0,723.0,4814.0,1752,489,37
86,2020-04-25,24893.0,779.0,5210.0,1441,396,56
87,2020-04-26,26605.0,826.0,5914.0,1712,704,47
88,2020-04-27,28160.0,886.0,6362.0,1555,448,60
89,2020-04-28,29834.0,937.0,7027.0,1674,665,51
90,2020-04-29,31709.0,1008.0,7797.0,1875,770,71
91,2020-04-30,33330.0,1075.0,8373.0,1621,576,67
92,2020-05-01,34972.0,1152.0,9065.0,1642,692,77
93,2020-05-02,37157.0,1218.0,9951.0,2185,886,66
94,2020-05-03,40124.0,1306.0,10887.0,2967,936,88
95,2020-05-04,42836.0,1389.0,11762.0,2712,875,83
96,2020-05-05,46711.0,1583.0,13161.0,3875,1399,194
97,2020-05-06,49391.0,1694.0,14183.0,2680,1022,111
98,2020-05-07,52952.0,1783.0,15267.0,3561,1084,89
99,2020-05-08,56342.0,1886.0,16540.0,3390,1273,103
100,2020-05-09,59662.0,1981.0,17847.0,3320,1307,95
101,2020-05-10,62939.0,2109.0,19358.0,3277,1511,128
102,2020-05-11,67152.0,2206.0,20917.0,4213,1559,97
103,2020-05-12,70756.0,2293.0,22455.0,3604,1538,87
104,2020-05-13,74281.0,2415.0,24386.0,3525,1931,122
105,2020-05-14,78003.0,2549.0,26235.0,3722,1849,134
106,2020-05-15,81970.0,2649.0,27920.0,3967,1685,100
107,2020-05-16,85710.0,2752.0,30153.0,3740,2233,103
108,2020-05-17,90637.0,2872.0,34109.0,4927,3956,120
109,2020-05-18,95759.0,3029.0,36824.0,5122,2715,157
110,2020-05-19,100325.0,3163.0,39174.0,4566,2350,134
111,2020-05-20,105654.0,3303.0,42298.0,5329,3124,140
112,2020-05-21,110956.0,3435.0,45300.0,5302,3002,132
113,2020-05-22,116827.0,3583.0,48534.0,5871,3234,148
114,2020-05-23,123202.0,3720.0,51784.0,6375,3250,137
115,2020-05-24,129530.0,3867.0,54441.0,6328,2657,147
116,2020-05-25,136203.0,4021.0,57721.0,6673,3280,154
117,2020-05-26,142410.0,4167.0,60491.0,6207,2770,146
118,2020-05-27,147754.0,4337.0,64426.0,5344,3935,170
119,2020-05-28,154001.0,4531.0,67692.0,6247,3266,194
120,2020-05-29,161126.0,4706.0,71106.0,7125,3414,175
121,2020-05-30,168720.0,4971.0,82370.0,7594,11264,265
122,2020-05-31,176652.0,5164.0,86984.0,7932,4614,193
123,2020-06-01,184905.0,5394.0,91819.0,8253,4835,230
124,2020-06-02,192292.0,5598.0,95527.0,7387,3708,204
125,2020-06-03,200492.0,5815.0,100303.0,8200,4776,217
126,2020-06-04,209436.0,6075.0,104107.0,8944,3804,260
127,2020-06-05,219160.0,6348.0,109462.0,9724,5355,273
128,2020-06-06,228465.0,6642.0,114073.0,9305,4611,294
129,2020-06-07,238023.0,6929.0,119293.0,9558,5220,287
130,2020-06-08,247422.0,7135.0,124095.0,9399,4802,206
131,2020-06-09,257795.0,7466.0,129215.0,10373,5120,331
132,2020-06-10,267356.0,7745.0,135206.0,9561,5991,279
133,2020-06-11,277648.0,8102.0,141029.0,10292,5823,357
134,2020-06-12,289220.0,8498.0,147195.0,11572,6166,396
135,2020-06-13,301009.0,8884.0,154330.0,11789,7135,386
136,2020-06-14,313486.0,9195.0,162379.0,12477,8049,311
137,2020-06-15,325452.0,9520.0,169798.0,11966,7419,325
138,2020-06-16,335407.0,9900.0,180013.0,9955,10215,380
139,2020-06-17,345792.0,11903.0,186935.0,10385,6922,2003
140,2020-06-18,358243.0,12237.0,194325.0,12451,7390,334
141,2020-06-19,371605.0,12573.0,204711.0,13362,10386,336
142,2020-06-20,385783.0,12948.0,213831.0,14178,9120,375
143,2020-06-21,401334.0,13254.0,227756.0,15551,13925,306
144,2020-06-22,417450.0,13699.0,237196.0,16116,9440,445
145,2020-06-23,432200.0,14011.0,248190.0,14750,10994,312
146,2020-06-24,448042.0,14476.0,258685.0,15842,10495,465
147,2020-06-25,464612.0,14894.0,271697.0,16570,13012,418
148,2020-06-26,482278.0,15301.0,285637.0,17666,13940,407
149,2020-06-27,500930.0,15685.0,295881.0,18652,10244,384
150,2020-06-28,521020.0,16095.0,309713.0,20090,13832,410
151,2020-06-29,541033.0,16475.0,321723.0,20013,12010,380
152,2020-06-30,559836.0,16893.0,334822.0,18803,13099,418
153,2020-07-01,578578.0,17400.0,347979.0,18742,13157,507
154,2020-07-02,597809.0,17834.0,359860.0,19231,11881,434
155,2020-07-03,619513.0,18213.0,379892.0,21704,20032,379
156,2020-07-04,643316.0,18655.0,394227.0,23803,14335,442
157,2020-07-05,668536.0,19268.0,409083.0,25220,14856,613
158,2020-07-06,692500.0,19693.0,424433.0,23964,15350,425
159,2020-07-07,714631.0,20160.0,439948.0,22131,15515,467
160,2020-07-08,737399.0,20642.0,456831.0,22768,16883,482
161,2020-07-09,762911.0,21129.0,476378.0,25512,19547,487
162,2020-07-10,789641.0,21604.0,495516.0,26730,19138,475
163,2020-07-11,817500.0,22123.0,515386.0,27859,19870,519
164,2020-07-12,846529.0,22674.0,534621.0,29029,19235,551
165,2020-07-13,875896.0,23174.0,553471.0,29367,18850,500
166,2020-07-14,904573.0,23727.0,571460.0,28677,17989,553
167,2020-07-15,934657.0,24309.0,592032.0,30084,20572,582
168,2020-07-16,967591.0,24915.0,612815.0,32934,20783,606
169,2020-07-17,1003301.0,25602.0,635757.0,35710,22942,687
170,2020-07-18,1038553.0,26273.0,653751.0,35252,17994,671
171,2020-07-19,1077618.0,26816.0,677423.0,39065,23672,543
172,2020-07-20,1118043.0,27497.0,700087.0,40425,22664,681
173,2020-07-21,1155191.0,28084.0,724578.0,37148,24491,587
174,2020-07-22,1192915.0,28732.0,753050.0,37724,28472,648
175,2020-07-23,1238635.0,29861.0,782607.0,45720,29557,1129
176,2020-07-24,1287945.0,30601.0,817209.0,49310,34602,740
177,2020-07-25,1336861.0,31358.0,849432.0,48916,32223,757
178,2020-07-26,1385522.0,32063.0,885577.0,48661,36145,705
179,2020-07-27,1435453.0,32771.0,917568.0,49931,31991,708
180,2020-07-28,1483156.0,33425.0,952743.0,47703,35175,654
181,2020-07-29,1531669.0,34193.0,988029.0,48513,35286,768
182,2020-07-30,1583792.0,34968.0,1020582.0,52123,32553,775
183,2020-07-31,1638870.0,35747.0,1057805.0,55078,37223,779
184,2020-08-01,1695988.0,36511.0,1094374.0,57118,36569,764
185,2020-08-02,1750723.0,37364.0,1145629.0,54735,51255,853
186,2020-08-03,1803695.0,38135.0,1186203.0,52972,40574,771
187,2020-08-04,1855745.0,38938.0,1230509.0,52050,44306,803
188,2020-08-05,1908254.0,39795.0,1282215.0,52509,51706,857
189,2020-08-06,1964536.0,40699.0,1328336.0,56282,46121,904
190,2020-08-07,2027074.0,41585.0,1378105.0,62538,49769,886
191,2020-08-08,2088611.0,42518.0,1427005.0,61537,48900,933
192,2020-08-09,2153010.0,43379.0,1480884.0,64399,53879,861
193,2020-08-10,2215074.0,44386.0,1535743.0,62064,54859,1007
194,2020-08-11,2268675.0,45257.0,1583489.0,53601,47746,871
195,2020-08-12,2329638.0,46091.0,1639599.0,60963,56110,834
196,2020-08-13,2396637.0,47033.0,1695982.0,66999,56383,942
197,2020-08-14,2461190.0,48040.0,1751555.0,64553,55573,1007
198,2020-08-15,2526192.0,49036.0,1808936.0,65002,57381,996
199,2020-08-16,2589682.0,49980.0,1862258.0,63490,53322,944
200,2020-08-17,2647663.0,50921.0,1919842.0,57981,57584,941
201,2020-08-18,2702742.0,51797.0,1977779.0,55079,57937,876
202,2020-08-19,2767273.0,52889.0,2037870.0,64531,60091,1092
203,2020-08-20,2836925.0,53866.0,2096664.0,69652,58794,977
204,2020-08-21,2905823.0,54849.0,2158946.0,68898,62282,983
205,2020-08-22,2975701.0,55794.0,2222577.0,69878,63631,945
206,2020-08-23,3044940.0,56706.0,2280566.0,69239,57989,912
207,2020-08-24,3106348.0,57542.0,2338035.0,61408,57469,836
208,2020-08-25,3167323.0,58390.0,2404585.0,60975,66550,848
209,2020-08-26,3234474.0,59449.0,2467758.0,67151,63173,1059
210,2020-08-27,3310234.0,60472.0,2523771.0,75760,56013,1023
211,2020-08-28,3387500.0,61529.0,2583948.0,77266,60177,1057
212,2020-08-29,3463972.0,62550.0,2648998.0,76472,65050,1021
213,2020-08-30,3542733.0,63498.0,2713933.0,78761,64935,948
214,2020-08-31,3621245.0,64469.0,2774801.0,78512,60868,971
215,2020-09-01,3691166.0,65288.0,2839882.0,69921,65081,819
216,2020-09-02,3769523.0,66333.0,2901908.0,78357,62026,1045
217,2020-09-03,3853406.0,67376.0,2970492.0,83883,68584,1043
218,2020-09-04,3936747.0,68472.0,3037151.0,83341,66659,1096
219,2020-09-05,4023179.0,69561.0,3107223.0,86432,70072,1089
220,2020-09-06,4113811.0,70626.0,3180865.0,90632,73642,1065
221,2020-09-07,4204613.0,71642.0,3250429.0,90802,69564,1016
222,2020-09-08,4280422.0,72775.0,3323950.0,75809,73521,1133
223,2020-09-09,4370128.0,73890.0,3398844.0,89706,74894,1115
224,2020-09-10,4465863.0,75062.0,3471783.0,95735,72939,1172
225,2020-09-11,4562414.0,76271.0,3542663.0,96551,70880,1209
226,2020-09-12,4659984.0,77472.0,3624196.0,97570,81533,1201
227,2020-09-13,4754356.0,78586.0,3702595.0,94372,78399,1114
228,2020-09-14,4846427.0,79722.0,3780107.0,92071,77512,1136
229,2020-09-15,4930236.0,80776.0,3859399.0,83809,79292,1054
230,2020-09-16,5020359.0,82066.0,3942360.0,90123,82961,1290
231,2020-09-17,5118253.0,83198.0,4025079.0,97894,82719,1132
232,2020-09-18,5214677.0,84372.0,4112551.0,96424,87472,1174
233,2020-09-19,5308014.0,85619.0,4208431.0,93337,95880,1247
234,2020-09-20,5400619.0,86752.0,4303043.0,92605,94612,1133
235,2020-09-21,5487580.0,87882.0,4396399.0,86961,93356,1130
236,2020-09-22,5562663.0,88935.0,4497867.0,75083,101468,1053
237,2020-09-23,5646010.0,90020.0,4587613.0,83347,89746,1085
238,2020-09-24,5732518.0,91149.0,4674987.0,86508,87374,1129
239,2020-09-25,5818570.0,92290.0,4756164.0,86052,81177,1141
240,2020-09-26,5903932.0,93379.0,4849584.0,85362,93420,1089
241,2020-09-27,5992532.0,94503.0,4941627.0,88600,92043,1124
242,2020-09-28,6074702.0,95542.0,5016520.0,82170,74893,1039
243,2020-09-29,6145291.0,96318.0,5101397.0,70589,84877,776
244,2020-09-30,6225763.0,97497.0,5187825.0,80472,86428,1179
245,2020-10-01,6312584.0,98678.0,5273201.0,86821,85376,1181
246,2020-10-02,6394068.0,99773.0,5352078.0,81484,78877,1095
247,2020-10-03,6473544.0,100842.0,5427706.0,79476,75628,1069
248,2020-10-04,6549373.0,101782.0,5509966.0,75829,82260,940
249,2020-10-05,6623815.0,102685.0,5586703.0,74442,76737,903
250,2020-10-06,6685082.0,103569.0,5662490.0,61267,75787,884
251,2020-10-07,6757131.0,104555.0,5744693.0,72049,82203,986
252,2020-10-08,6835655.0,105526.0,5827704.0,78524,83011,971
253,2020-10-09,6906151.0,106490.0,5906069.0,70496,78365,964
254,2020-10-10,6979423.0,107416.0,5988822.0,73272,82753,926
255,2020-10-11,7053806.0,108334.0,6077976.0,74383,89154,918
256,2020-10-12,7120538.0,109150.0,6149535.0,66732,71559,816
257,2020-10-13,7175880.0,109856.0,6227295.0,55342,77760,706
258,2020-10-14,7239389.0,110586.0,6301927.0,63509,74632,730
259,2020-10-15,7307097.0,111266.0,6383441.0,67708,81514,680
260,2020-10-16,7370468.0,112161.0,6453779.0,63371,70338,895
261,2020-10-17,7432680.0,112998.0,6524595.0,62212,70816,837
262,2020-10-18,7494551.0,114031.0,6597209.0,61871,72614,1033
263,2020-10-19,7550273.0,114610.0,6663608.0,55722,66399,579
264,2020-10-20,7597063.0,115197.0,6733328.0,46790,69720,587
265,2020-10-21,7651107.0,115914.0,6795103.0,54044,61775,717
266,2020-10-22,7706946.0,116616.0,6874518.0,55839,79415,702
267,2020-10-23,7761312.0,117306.0,6948497.0,54366,73979,690
268,2020-10-24,7814682.0,117956.0,7016046.0,53370,67549,650
269,2020-10-25,7864811.0,118534.0,7078123.0,50129,62077,578
270,2020-10-26,7909959.0,119014.0,7137228.0,45148,59105,480
271,2020-10-27,7946429.0,119502.0,7201070.0,36470,63842,488
272,2020-10-28,7990322.0,120010.0,7259509.0,43893,58439,508
273,2020-10-29,8040203.0,120527.0,7315989.0,49881,56480,517
274,2020-10-30,8088851.0,121090.0,7373375.0,48648,57386,563
275,2020-10-31,8137119.0,121641.0,7432829.0,48268,59454,551
276,2020-11-01,8184082.0,122111.0,7491513.0,46963,58684,470
277,2020-11-02,8229313.0,122607.0,7544798.0,45231,53285,496
278,2020-11-03,8267623.0,123097.0,7603121.0,38310,58323,490
279,2020-11-04,8313876.0,123611.0,7656478.0,46253,53357,514
280,2020-11-05,8364086.0,124315.0,7711809.0,50210,55331,704
281,2020-11-06,8411724.0,124985.0,7765966.0,47638,54157,670
282,2020-11-07,8462080.0,125562.0,7819886.0,50356,53920,577
283,2020-11-08,8507754.0,126121.0,7868968.0,45674,49082,559
284,2020-11-09,8553657.0,126611.0,7917373.0,45903,48405,490
285,2020-11-10,8591730.0,127059.0,7963457.0,38073,46084,448
286,2020-11-11,8636011.0,127571.0,8013783.0,44281,50326,512
287,2020-11-12,8683916.0,128121.0,8066501.0,47905,52718,550
288,2020-11-13,8728795.0,128668.0,8115580.0,44879,49079,547
289,2020-11-14,8773479.0,129188.0,8163572.0,44684,47992,520
290,2020-11-15,8814579.0,129635.0,8205728.0,41100,42156,447
291,2020-11-16,8845127.0,130070.0,8249579.0,30548,43851,435
292,2020-11-17,8874290.0,130519.0,8290370.0,29163,40791,449
293,2020-11-18,8912907.0,130993.0,8335109.0,38617,44739,474
294,2020-11-19,8958483.0,131578.0,8383602.0,45576,48493,585
295,2020-11-20,9004365.0,132162.0,8428409.0,45882,44807,584
296,2020-11-21,9050597.0,132726.0,8478124.0,46232,49715,564
297,2020-11-22,9095806.0,133227.0,8521617.0,45209,43493,501
298,2020-11-23,9139865.0,133738.0,8562641.0,44059,41024,511
299,2020-11-24,9177840.0,134218.0,8604955.0,37975,42314,480
300,2020-11-25,9222216.0,134699.0,8642771.0,44376,37816,481
301,2020-11-26,9266705.0,135223.0,8679138.0,44489,36367,524
302,2020-11-27,9309787.0,135715.0,8718517.0,43082,39379,492
303,2020-11-28,9351109.0,136200.0,8759969.0,41322,41452,485
304,2020-11-29,9392919.0,136696.0,8802267.0,41810,42298,496
305,2020-11-30,9431691.0,137139.0,8847600.0,38772,45333,443
306,2020-12-01,9462809.0,137621.0,8889585.0,31118,41985,482
307,2020-12-02,9499413.0,138122.0,8932647.0,36604,43062,501
308,2020-12-03,9534964.0,138648.0,8973373.0,35551,40726,526
309,2020-12-04,9571559.0,139188.0,9016289.0,36595,42916,540
310,2020-12-05,9608211.0,139700.0,9058822.0,36652,42533,512
311,2020-12-06,9644222.0,140182.0,9100792.0,36011,41970,482
312,2020-12-07,9677203.0,140573.0,9139901.0,32981,39109,391
313,2020-12-08,9703770.0,140958.0,9178946.0,26567,39045,385
314,2020-12-09,9735850.0,141360.0,9215581.0,32080,36635,402
315,2020-12-10,9767371.0,141772.0,9253306.0,31521,37725,412
316,2020-12-11,9796769.0,142186.0,9290834.0,29398,37528,414
317,2020-12-12,9826775.0,142628.0,9324328.0,30006,33494,442
318,2020-12-13,9857029.0,143019.0,9357464.0,30254,33136,391
319,2020-12-14,9884100.0,143355.0,9388159.0,27071,30695,336
320,2020-12-15,9906104.0,143709.0,9422636.0,22004,34477,354
321,2020-12-16,9932547.0,144096.0,9456449.0,26443,33813,387
322,2020-12-17,9956557.0,144451.0,9489740.0,24010,33291,355
323,2020-12-18,9979447.0,144789.0,9520827.0,22890,31087,338
324,2020-12-19,10004599.0,145136.0,9550712.0,25152,29885,347
325,2020-12-20,10031223.0,145477.0,9580402.0,26624,29690,341
326,2020-12-21,10058144.0,145810.0,9606111.0,26921,25709,333
327,2020-12-22,10068330.0,146111.0,9636487.0,10186,30376,301
328,2020-12-23,10099066.0,146444.0,9663382.0,30736,26895,333
329,2020-12-24,10123778.0,146756.0,9693173.0,24712,29791,312
330,2020-12-25,10146845.0,147092.0,9717834.0,23067,24661,336
331,2020-12-26,10169118.0,147343.0,9740108.0,22273,22274,251
332,2020-12-27,10187850.0,147622.0,9761538.0,18732,21430,279
333,2020-12-28,10207871.0,147901.0,9782669.0,20021,21131,279
334,2020-12-29,10224303.0,148153.0,9807569.0,16432,24900,252
335,2020-12-30,10244852.0,148439.0,9834141.0,20549,26572,286
336,2020-12-31,10266674.0,148738.0,9860280.0,21822,26139,299
337,2021-01-01,10286709.0,148994.0,9883461.0,20035,23181,256
338,2021-01-02,10305788.0,149218.0,9906387.0,19079,22926,224
339,2021-01-03,10323965.0,149435.0,9927310.0,18177,20923,217
340,2021-01-04,10340469.0,149649.0,9946867.0,16504,19557,214
341,2021-01-05,10356844.0,149850.0,9975958.0,16375,29091,201
342,2021-01-06,10374932.0,150114.0,9997272.0,18088,21314,264
343,2021-01-07,10395278.0,150336.0,10016859.0,20346,19587,222
344,2021-01-08,10413417.0,150570.0,10037398.0,18139,20539,234
345,2021-01-09,10431639.0,150798.0,10056651.0,18222,19253,228
346,2021-01-10,10450284.0,150999.0,10075950.0,18645,19299,201
347,2021-01-11,10466595.0,151160.0,10092909.0,16311,16959,161
348,2021-01-12,10479179.0,151327.0,10111294.0,12584,18385,167
349,2021-01-13,10495147.0,151529.0,10129111.0,15968,17817,202
350,2021-01-14,10512093.0,151727.0,10146763.0,16946,17652,198
351,2021-01-15,10527683.0,151918.0,10162738.0,15590,15975,191
352,2021-01-16,10542841.0,152093.0,10179715.0,15158,16977,175
353,2021-01-17,10557985.0,152274.0,10196885.0,15144,17170,181
354,2021-01-18,10571773.0,152419.0,10211342.0,13788,14457,145
355,2021-01-19,10581837.0,152556.0,10228753.0,10064,17411,137
356,2021-01-20,10595660.0,152718.0,10245741.0,13823,16988,162
357,2021-01-21,10610883.0,152869.0,10265706.0,15223,19965,151
358,2021-01-22,10625428.0,153032.0,10283708.0,14545,18002,163
359,2021-01-23,10639684.0,153184.0,10300838.0,14256,17130,152
360,2021-01-24,10654533.0,153339.0,10316786.0,14849,15948,155
361,2021-01-25,10662181.0,153470.0,10330084.0,7648,13298,131
362,2021-01-26,10676838.0,153587.0,10345985.0,14657,15901,117
363,2021-01-27,10689527.0,153724.0,10359305.0,12689,13320,137
364,2021-01-28,10701193.0,153847.0,10373606.0,11666,14301,123
365,2021-01-29,10720048.0,154010.0,10394352.0,18855,20746,163
366,2021-01-30,10733131.0,154147.0,10409160.0,13083,14808,137
367,2021-01-31,10746183.0,154274.0,10423125.0,13052,13965,127
368,2021-02-01,10756631.0,154392.0,10434983.0,10448,11858,118
369,2021-02-02,10766245.0,154486.0,10448406.0,9614,13423,94
370,2021-02-03,10777284.0,154596.0,10462631.0,11039,14225,110
371,2021-02-04,10790183.0,154703.0,10480455.0,12899,17824,107
372,2021-02-05,10802591.0,154823.0,10496308.0,12408,15853,120
373,2021-02-06,10814304.0,154918.0,10510796.0,11713,14488,95
374,2021-02-07,10826363.0,154996.0,10522601.0,12059,11805,78
375,2021-02-08,10838194.0,155080.0,10534505.0,11831,11904,84
376,2021-02-09,10847304.0,155158.0,10548521.0,9110,14016,78
377,2021-02-10,10858371.0,155252.0,10561608.0,11067,13087,94
378,2021-02-11,10867467.0,155360.0,10573372.0,9096,11764,108
379,2021-02-12,10880603.0,155447.0,10589230.0,13136,15858,87
380,2021-02-13,10892746.0,155550.0,10600625.0,12143,11395,103
381,2021-02-14,10904940.0,155642.0,10611731.0,12194,11106,92
382,2021-02-15,10916589.0,155732.0,10621220.0,11649,9489,90
383,2021-02-16,10925710.0,155813.0,10633025.0,9121,11805,81
384,2021-02-17,10937320.0,155913.0,10644858.0,11610,11833,100
385,2021-02-18,10944479.0,156014.0,10656845.0,7159,11987,101
386,2021-02-19,10963394.0,156111.0,10667741.0,18915,10896,97
387,2021-02-20,10977387.0,156212.0,10678048.0,13993,10307,101
388,2021-02-21,10991651.0,156302.0,10689715.0,14264,11667,90
389,2021-02-22,11005850.0,156385.0,10699410.0,14199,9695,83
390,2021-02-23,11016434.0,156463.0,10712665.0,10584,13255,78
391,2021-02-24,11042648.0,156567.0,10726702.0,26214,14037,104
392,2021-02-25,11046914.0,156705.0,10738501.0,4266,11799,138
393,2021-02-26,11063491.0,156825.0,10750680.0,16577,12179,120
394,2021-02-27,11079979.0,156938.0,10763451.0,16488,12771,113
395,2021-02-28,11096731.0,157051.0,10775169.0,16752,11718,113
396,2021-03-01,11111149.0,157157.0,10786457.0,14418,11288,106
397,2021-03-02,11124527.0,157248.0,10798921.0,13378,12464,91
398,2021-03-03,11128605.0,157346.0,10812044.0,4078,13123,98
399,2021-03-04,11156923.0,157435.0,10826075.0,28318,14031,89
400,2021-03-05,11173761.0,157548.0,10839894.0,16838,13819,113
401,2021-03-06,11192088.0,157656.0,10854128.0,18327,14234,108
402,2021-03-07,11210799.0,157756.0,10868520.0,18711,14392,100
403,2021-03-08,11229398.0,157853.0,10882798.0,18599,14278,97
404,2021-03-09,11230872.0,157930.0,10899394.0,1474,16596,77
405,2021-03-10,11262707.0,158063.0,10920046.0,31835,20652,133
406,2021-03-11,11262707.0,158063.0,10920046.0,0,0,0
407,2021-03-12,11285561.0,158189.0,10938146.0,22854,18100,126
408,2021-03-13,11333728.0,158446.0,10973260.0,48167,35114,257
409,2021-03-14,11359048.0,158607.0,10989897.0,25320,16637,161
410,2021-03-15,11385339.0,158725.0,11007352.0,26291,17455,118
411,2021-03-16,11409831.0,158856.0,11027543.0,24492,20191,131
412,2021-03-17,11438734.0,159044.0,11045284.0,28903,17741,188
413,2021-03-18,11474605.0,159216.0,11063025.0,35871,17741,172
414,2021-03-19,11514331.0,159370.0,11083679.0,39726,20654,154
415,2021-03-20,11555284.0,159558.0,11107332.0,40953,23653,188
416,2021-03-21,11599130.0,159755.0,11130288.0,43846,22956,197
417,2021-03-22,11646081.0,159967.0,11151468.0,46951,21180,212
418,2021-03-23,11686796.0,160166.0,11181253.0,40715,29785,199
419,2021-03-24,11734058.0,160441.0,11205160.0,47262,23907,275
420,2021-03-25,11787534.0,160692.0,11231650.0,53476,26490,251
421,2021-03-26,11846652.0,160949.0,11264637.0,59118,32987,257
422,2021-03-27,11908910.0,161240.0,11295023.0,62258,30386,291
423,2021-03-28,11971624.0,161552.0,11323762.0,62714,28739,312
424,2021-03-29,12039644.0,161843.0,11355993.0,68020,32231,291
425,2021-03-30,12095855.0,162114.0,11393021.0,56211,37028,271
426,2021-03-31,12149335.0,162468.0,11434301.0,53480,41280,354
427,2021-04-01,12226141.0,162927.0,11474683.0,76806,40382,459
428,2021-04-02,12303131.0,163396.0,11525039.0,76990,50356,469
429,2021-04-03,12392260.0,164110.0,11569241.0,89129,44202,714
430,2021-04-04,12485509.0,164623.0,11629289.0,93249,60048,513
431,2021-04-05,12589067.0,165101.0,11682136.0,103558,52847,478
432,2021-04-06,12686049.0,165547.0,11732279.0,96982,50143,446
433,2021-04-07,12801785.0,166177.0,11792135.0,115736,59856,630
434,2021-04-08,12928574.0,166862.0,11851393.0,126789,59258,685
435,2021-04-09,13060542.0,167642.0,11913292.0,131968,61899,780
436,2021-04-10,13205926.0,168436.0,11990859.0,145384,77567,794
437,2021-04-11,13358805.0,169275.0,12081443.0,152879,90584,839
438,2021-04-12,13527717.0,170179.0,12156529.0,168912,75086,904
439,2021-04-13,13689453.0,171058.0,12253697.0,161736,97168,879
440,2021-04-14,13873825.0,172085.0,12336036.0,184372,82339,1027
441,2021-04-15,14074564.0,173123.0,12429564.0,200739,93528,1038
442,2021-04-16,14291917.0,174308.0,12547866.0,217353,118302,1185
443,2021-04-17,14526609.0,175649.0,12671220.0,234692,123354,1341
444,2021-04-18,14788109.0,177150.0,12809643.0,261500,138423,1501
445,2021-04-19,15061919.0,178769.0,12953821.0,273810,144178,1619
446,2021-04-20,15321089.0,180530.0,13108582.0,259170,154761,1761
447,2021-04-21,15616130.0,182553.0,13276039.0,295041,167457,2023
448,2021-04-22,15930965.0,184657.0,13454880.0,314835,178841,2104
449,2021-04-23,16263695.0,186920.0,13648159.0,332730,193279,2263
450,2021-04-24,16610481.0,189544.0,13867997.0,346786,219838,2624
451,2021-04-25,16960172.0,192311.0,14085110.0,349691,217113,2767
452,2021-04-26,17313163.0,195123.0,14304382.0,352991,219272,2812
453,2021-04-27,17636307.0,197894.0,14556209.0,323144,251827,2771
454,2021-04-28,17997267.0,201187.0,14817371.0,360960,261162,3293
455,2021-04-29,18376524.0,204832.0,15086878.0,379257,269507,3645
456,2021-04-30,18762976.0,208330.0,15384418.0,386452,297540,3498
457,2021-05-01,19164969.0,211853.0,15684406.0,401993,299988,3523
458,2021-05-02,19557457.0,215542.0,15992271.0,392488,307865,3689
459,2021-05-03,19925604.0,218959.0,16293003.0,368147,300732,3417
460,2021-05-04,20282833.0,222408.0,16613292.0,357229,320289,3449
461,2021-05-05,20665148.0,226188.0,16951731.0,382315,338439,3780
462,2021-05-06,21077410.0,230168.0,17280844.0,412262,329113,3980
463,2021-05-07,21491598.0,234083.0,17612351.0,414188,331507,3915
464,2021-05-08,21892676.0,238270.0,17930960.0,401078,318609,4187
465,2021-05-09,22296414.0,242362.0,18317404.0,403738,386444,4092
466,2021-05-10,22662575.0,246116.0,18671222.0,366161,353818,3754
467,2021-05-11,22992517.0,249992.0,19027304.0,329942,356082,3876
468,2021-05-12,23340938.0,254197.0,19382642.0,348421,355338,4205
469,2021-05-13,23703665.0,258317.0,19734823.0,362727,352181,4120
470,2021-05-14,24046809.0,262317.0,20079599.0,343144,344776,4000
471,2021-05-15,24372907.0,266207.0,20432898.0,326098,353299,3890
472,2021-05-16,24684077.0,270284.0,20795335.0,311170,362437,4077
473,2021-05-17,24965463.0,274390.0,21174076.0,281386,378741,4106
474,2021-05-18,25228996.0,278719.0,21596512.0,263533,422436,4329
475,2021-05-19,25496330.0,283248.0,21986363.0,267334,389851,4529
